essai,date plantation_ou_coupe,age,date notation,modalité,parcelle,Note_globale_plein,Note_globale_R,Note_globale_IR,Note_adv_plein,Note_adv_R,Note_adv_IR,Note_pds_plein,Note_pds_R,Note_pds_IR,Cyperus rotundus ,Mimosa pudica ,Cardiospermum halicacabum,Senna occidentalis ,Ipomoea obscura ,Desmodium intortum,Croton bonplandianus,Bidens pilosa ,Passiflora foetida ,Tephrosia purpurea ,Momordica charantia ,Centrosema pubescens ,Lantana camara,Crotalaria retusa ,Commelina benghalensis,Litsea glutinosa ,Sida acuta ,Cajanus scarabeoides,Oxalis corniculata,Argemone mexicana ,Euphorbia hypericifolia,Sonchus asper ,Sonchus oleraceus,Phyllanthus urinaria ,Rottboellia cochinchinensis ,Euphorbia heterophylla ,Chamaesyce hirta ,Amaranthus dubius,Canavalia ensiformis,Hibiscus surattensis ,Lapsana communis ,Solanum mauritianum ,Sigesbeckia orientalis ,Conyza sumatrensis ,Phyllanthus tenellus,Brachiaria eruciformis,Ricinus communis ,,,,,,Cyperus rotundus 
P41,25/7/2018,"1,1",27/8/2018,TE,P1,5,5,5,5,5,5,,,,5,0,0,0,0,0,0,0,1,0,0,0,1,0,0,0,0,0,0,0,0,0,0,0,0,0,0,0,0,0,0,0,0,0,0,0,0,,,,,,Amaranthus dubius
P41,25/7/2018,"1,1",27/8/2018,M4,P2,3,1,5,3,1,5,,,,5,0,0,1,0,0,0,0,1,0,0,0,0,0,0,0,0,0,0,0,0,0,0,0,0,0,0,0,0,0,0,0,0,0,0,0,0,,,,,,Argemone mexicana 
P41,25/7/2018,"1,1",27/8/2018,M6,P3,3,1,5,3,1,5,,,,5,0,0,1,1,0,0,0,1,0,0,0,0,0,0,0,0,0,0,0,0,0,0,0,0,0,0,0,0,0,0,0,0,0,0,0,0,,,,,,Bidens pilosa 
P41,25/7/2018,"1,1",27/8/2018,M1,P4,5,5,5,5,5,5,,,,10,0,0,1,0,0,0,0,0,1,0,0,0,0,0,0,0,0,0,0,0,0,0,0,0,0,0,0,0,0,0,0,0,0,0,0,0,,,,,,Brachiaria eruciformis
P41,25/7/2018,"1,1",27/8/2018,Tréf,P5,5,5,5,5,5,5,,,,10,0,1,0,0,0,0,0,0,0,0,0,1,0,0,0,0,0,0,0,0,0,0,0,0,0,0,0,0,1,0,0,0,0,0,0,0,,,,,,Cajanus scarabeoides
P41,25/7/2018,"1,1",27/8/2018,M2,P6,3,1,5,3,1,5,,,,5,0,1,0,0,0,0,0,0,0,0,0,0,0,0,0,0,0,0,0,0,0,0,0,0,0,0,0,0,1,0,0,0,0,0,0,0,,,,,,Canavalia ensiformis
P41,25/7/2018,"1,1",27/8/2018,M3,P7,3,1,5,3,1,5,,,,5,0,1,1,1,0,0,0,0,0,0,0,0,0,0,0,0,0,0,0,0,0,0,0,0,0,0,0,0,1,0,0,0,0,0,0,0,,,,,,Cardiospermum halicacabum
P41,25/7/2018,"1,1",27/8/2018,M5,P8,3,1,5,3,1,5,,,,5,0,0,1,0,0,0,0,0,0,0,0,0,0,0,0,0,0,0,0,0,0,0,0,0,0,0,0,0,1,0,0,0,0,0,0,0,,,,,,Centrosema pubescens 
P41,25/7/2018,"1,1",27/8/2018,M6,P9,3,1,5,3,1,5,,,,5,0,0,0,1,0,0,0,0,0,0,0,0,0,0,0,0,0,0,0,0,0,0,0,0,0,0,0,0,,0,0,0,0,0,0,0,,,,,,Chamaesyce hirta 
P41,25/7/2018,"1,1",27/8/2018,M3,P10,3,1,5,3,1,5,,,,5,0,0,0,1,0,0,0,0,0,0,0,1,0,0,0,0,0,0,0,0,0,0,0,0,0,0,0,0,1,0,0,0,0,0,0,0,,,,,,Commelina benghalensis
P41,25/7/2018,"1,1",27/8/2018,M2,P11,3,1,5,3,1,5,,,,5,0,0,1,0,0,0,0,0,0,0,0,0,0,0,0,0,0,0,0,0,0,0,0,0,0,0,0,0,1,0,0,0,0,0,0,0,,,,,,Conyza sumatrensis 
P41,25/7/2018,"1,1",27/8/2018,TE,P12,3,1,5,3,1,5,,,,5,0,1,0,0,0,0,0,0,0,1,0,0,0,0,0,0,0,0,0,0,0,0,0,0,0,0,0,0,1,0,0,0,0,0,0,0,,,,,,Crotalaria retusa 
P41,25/7/2018,"1,1",27/8/2018,M4,P13,3,1,5,3,1,5,,,,5,0,1,0,1,0,0,0,0,0,0,0,0,0,0,0,0,0,0,0,0,0,0,0,0,0,0,0,0,1,0,0,0,0,0,0,0,,,,,,Croton bonplandianus
P41,25/7/2018,"1,1",27/8/2018,M1,P14,3,1,5,3,1,5,,,,5,0,1,0,1,0,0,0,0,0,0,0,1,0,0,0,0,0,0,0,0,0,0,0,0,0,0,0,0,1,0,0,0,0,0,0,0,,,,,,Desmodium intortum
P41,25/7/2018,"1,1",27/8/2018,M5,P15,3,1,5,3,1,5,,,,5,0,1,0,0,0,0,0,0,0,1,0,0,0,0,0,0,0,0,0,0,0,0,0,0,0,0,0,0,1,0,0,0,0,0,0,0,,,,,,Euphorbia heterophylla 
P41,25/7/2018,"1,1",27/8/2018,Tréf,P16,3,1,5,3,1,5,,,,5,1,0,0,0,0,0,0,0,0,0,0,0,0,0,0,0,0,0,0,0,0,0,0,0,0,0,0,1,1,0,0,0,0,0,0,0,,,,,,Euphorbia hypericifolia
P41,25/7/2018,"1,1",27/8/2018,M2,P17,3,5,1,3,5,1,,,,5,0,0,0,1,0,0,0,1,0,0,0,0,0,0,0,0,0,0,0,0,0,0,0,0,0,0,0,0,1,0,0,0,0,0,0,0,,,,,,Hibiscus surattensis 
P41,25/7/2018,"1,1",27/8/2018,M6,P18,3,5,1,3,5,1,,,,5,0,1,0,0,0,1,1,0,0,0,0,0,0,0,0,0,0,0,0,0,0,0,0,0,0,0,0,0,1,0,0,0,0,0,0,0,,,,,,Ipomoea obscura 
P41,25/7/2018,"1,1",27/8/2018,Tréf,P19,3,5,1,3,5,1,,,,5,1,0,1,0,0,0,0,0,0,0,1,0,0,0,0,0,0,0,0,0,0,0,0,0,0,0,0,0,,0,0,0,0,0,0,0,,,,,,Lantana camara
P41,25/7/2018,"1,1",27/8/2018,M5,P20,3,5,1,3,5,1,,,,5,0,1,0,0,0,0,1,0,0,0,1,0,0,0,0,0,0,0,0,0,0,0,0,0,0,0,0,0,1,0,0,0,0,0,0,0,,,,,,Lapsana communis 
P41,25/7/2018,"1,1",27/8/2018,TE,P21,3,1,5,3,1,5,,,,5,0,0,0,0,0,1,0,1,0,0,1,0,0,0,0,0,0,0,0,0,0,0,0,0,0,0,0,0,1,0,0,0,0,0,0,0,,,,,,Litsea glutinosa 
P41,25/7/2018,"1,1",27/8/2018,M4,P22,3,5,1,3,5,1,,,,5,1,0,0,0,0,0,0,0,0,0,1,0,0,0,0,0,0,0,0,0,0,0,0,0,0,0,0,0,1,0,0,0,0,0,0,0,,,,,,Mimosa pudica 
P41,25/7/2018,"1,1",27/8/2018,M3,P23,3,5,1,3,5,1,,,,5,1,1,1,1,0,0,1,0,0,0,0,0,0,0,0,0,0,0,0,0,0,0,0,0,0,0,0,0,1,0,0,0,0,0,0,0,,,,,,Momordica charantia 
P41,25/7/2018,"1,1",27/8/2018,M1,P24,3,1,5,3,1,5,,,,5,1,1,0,1,0,0,1,0,0,0,0,0,0,0,0,0,0,0,0,0,0,0,0,0,0,0,0,0,,0,0,0,0,0,0,0,,,,,,Oxalis corniculata
P41,25/7/2018,"1,1",27/8/2018,M1,P25,3,1,5,3,1,5,,,,5,1,0,0,0,0,0,0,0,0,0,1,0,0,0,0,0,0,0,0,0,0,0,0,0,0,0,0,0,,0,0,0,0,0,0,0,,,,,,Passiflora foetida 
P41,25/7/2018,"1,1",27/8/2018,TE,P26,3,1,5,3,1,5,,,,5,0,0,1,0,0,0,0,0,0,0,1,0,0,0,0,0,0,0,0,0,0,0,0,0,0,0,0,0,1,0,0,0,0,0,0,0,,,,,,Phyllanthus tenellus
P41,25/7/2018,"1,1",27/8/2018,M5,P27,3,5,1,3,5,1,,,,5,0,1,0,0,0,0,0,0,0,0,0,0,0,0,0,0,0,0,0,0,0,0,0,0,0,0,0,0,1,0,0,0,0,0,0,0,,,,,,Phyllanthus urinaria 
P41,25/7/2018,"1,1",27/8/2018,M3,P28,3,5,1,3,5,1,,,,5,0,5,1,0,0,1,0,1,0,0,1,0,0,0,0,0,0,0,0,0,0,0,0,0,0,0,0,0,1,0,0,0,0,0,0,0,,,,,,Ricinus communis 
P41,25/7/2018,"1,1",27/8/2018,Tréf,P29,3,1,5,3,1,5,,,,5,0,0,1,0,0,0,1,0,0,0,1,0,0,0,0,0,0,0,0,0,0,0,0,0,0,0,0,0,,0,0,0,0,0,0,0,,,,,,Rottboellia cochinchinensis 
P41,25/7/2018,"1,1",27/8/2018,M6,P30,3,1,5,3,1,5,,,,5,1,0,1,0,0,0,1,1,0,0,1,0,0,0,0,0,0,0,0,0,0,0,0,0,0,0,0,0,1,0,0,0,0,0,0,0,,,,,,Senna occidentalis 
P41,25/7/2018,"1,1",27/8/2018,M2,P31,3,5,1,3,5,1,,,,5,0,0,0,0,0,0,1,0,0,0,1,0,0,0,0,0,0,0,0,0,0,0,0,0,0,0,0,0,1,0,0,0,0,0,0,0,,,,,,Sida acuta 
P41,25/7/2018,"1,1",27/8/2018,M4,P32,3,1,5,3,1,5,,,,5,0,1,1,0,0,0,1,0,0,0,1,0,0,0,0,0,0,0,0,0,0,0,0,0,0,0,0,0,1,0,0,0,0,0,0,0,,,,,,Sigesbeckia orientalis 
P41,25/7/2018,"1,8",19/9/2018,TE,P1,35,30,40,,,,,,,40,0,10,1,1,0,1,10,5,0,1,0,1,0,0,0,0,0,0,0,0,0,10,0,0,0,0,0,0,0,0,0,0,0,0,0,0,,,,,,Solanum mauritianum 
P41,25/7/2018,"1,8",19/9/2018,M4,P2,30,20,40,15,20,10,15,0,30,10,0,1,0,0,0,0,10,1,0,0,1,0,1,0,0,0,0,0,0,0,0,1,0,0,0,1,0,0,0,0,0,0,0,0,0,0,,,,,,Sonchus asper 
P41,25/7/2018,"1,8",19/9/2018,M6,P3,25,20,30,15,20,10,10,0,20,20,0,1,1,1,0,0,5,0,1,1,0,0,1,0,0,1,0,0,0,0,0,1,0,0,0,5,0,0,0,0,0,0,0,0,0,0,,,,,,Sonchus oleraceus
P41,25/7/2018,"1,8",19/9/2018,M1,P4,"27,5",30,25,"22,5",30,15,5,0,10,30,0,5,0,1,0,0,5,0,0,0,0,0,0,0,0,1,0,0,0,0,0,5,0,0,0,1,1,0,0,0,0,0,0,0,0,0,,,,,,Tephrosia purpurea 
P41,25/7/2018,"1,8",19/9/2018,Tréf,P5,"12,5",15,10,"12,5",15,10,,,,20,0,5,0,0,0,1,1,0,0,1,0,0,0,0,0,0,0,0,0,0,0,1,0,0,0,0,0,0,0,0,0,0,0,0,0,0,,,,,,
P41,25/7/2018,"1,8",19/9/2018,M2,P6,"22,5",10,35,"7,5",10,5,15,0,30,10,0,5,0,0,0,0,1,1,0,0,0,0,0,0,0,0,0,0,0,0,0,0,0,0,0,1,0,0,0,0,0,0,0,0,0,0,,,,,,
P41,25/7/2018,"1,8",19/9/2018,M3,P7,"17,5",20,15,"12,5",20,5,5,0,10,10,0,5,0,1,0,0,5,1,0,0,0,0,0,0,0,0,0,0,0,0,0,0,0,0,0,0,1,0,0,0,0,0,0,0,0,0,,,,,,
P41,25/7/2018,"1,8",19/9/2018,M5,P8,35,20,50,15,20,10,20,0,40,20,0,5,0,0,0,0,5,1,0,0,0,0,0,0,0,0,0,0,0,0,0,1,0,0,0,1,0,0,0,0,0,0,0,0,0,0,,,,,,
P41,25/7/2018,"1,8",19/9/2018,M6,P9,15,10,20,10,10,10,5,0,10,20,0,1,0,0,0,0,1,1,0,1,0,0,0,0,0,0,0,0,0,0,0,0,0,0,0,0,0,0,0,0,0,0,0,0,0,0,,,,,,
P41,25/7/2018,"1,8",19/9/2018,M3,P10,25,20,30,15,20,10,10,0,20,20,0,5,0,0,0,1,5,1,0,0,0,0,0,0,0,0,0,0,0,0,0,1,0,0,0,1,0,0,0,0,0,0,0,0,0,0,,,,,,
P41,25/7/2018,"1,8",19/9/2018,M2,P11,"22,5",10,35,"7,5",10,5,15,0,30,10,0,1,0,1,0,0,1,5,1,0,0,1,0,0,0,0,0,0,0,0,0,0,0,0,0,0,0,0,0,0,0,0,0,0,0,0,,,,,,
P41,25/7/2018,"1,8",19/9/2018,TE,P12,20,20,20,20,20,20,,,,20,0,5,0,0,0,0,10,1,0,0,0,0,0,0,0,0,0,0,0,0,0,5,0,0,0,1,0,0,0,0,0,0,0,0,0,0,,,,,,
P41,25/7/2018,"1,8",19/9/2018,M4,P13,25,10,40,10,10,10,15,0,30,15,0,1,0,0,0,0,5,1,0,0,0,0,0,0,0,0,0,0,0,0,0,1,0,0,0,0,0,0,0,0,0,0,0,0,0,0,,,,,,
P41,25/7/2018,"1,8",19/9/2018,M1,P14,25,20,30,15,20,10,10,0,20,20,0,5,0,1,0,0,5,1,0,1,0,0,0,0,0,0,0,0,0,0,0,0,0,0,0,0,0,0,0,0,0,0,0,0,0,0,,,,,,
P41,25/7/2018,"1,8",19/9/2018,M5,P15,"22,5",20,25,"12,5",20,5,10,0,20,20,0,1,0,1,0,0,5,1,0,0,0,0,0,0,0,0,0,0,0,0,0,1,0,0,0,0,0,0,0,0,0,0,0,0,0,0,,,,,,
P41,25/7/2018,"1,8",19/9/2018,Tréf,P16,15,20,10,15,20,10,,,,20,0,5,0,0,0,0,5,1,0,0,0,0,0,0,0,0,0,0,0,0,0,0,0,0,0,1,0,0,0,0,0,0,0,0,0,0,,,,,,
P41,25/7/2018,"1,8",19/9/2018,M2,P17,"27,5",20,35,"12,5",20,5,15,0,30,20,0,5,0,0,0,0,1,1,0,0,0,1,0,0,0,0,0,0,0,0,0,0,0,0,0,1,0,0,0,0,0,0,0,0,0,0,,,,,,
P41,25/7/2018,"1,8",19/9/2018,M6,P18,"22,5",20,25,"12,5",20,5,10,0,20,15,0,0,1,1,0,0,10,0,0,0,0,0,0,0,0,1,0,0,0,0,0,1,0,0,0,1,0,0,0,0,0,0,0,0,0,0,,,,,,
P41,25/7/2018,"1,8",19/9/2018,Tréf,P19,"12,5",20,5,"12,5",20,5,,,,20,0,1,0,0,0,0,5,0,0,1,0,0,0,0,0,0,0,0,0,0,0,0,0,0,0,1,0,0,0,0,0,0,0,0,0,0,,,,,,
P41,25/7/2018,"1,8",19/9/2018,M5,P20,20,10,30,15,20,10,10,0,20,20,0,5,0,0,0,0,5,1,1,0,0,0,0,0,0,0,0,0,0,0,0,1,0,0,0,0,1,0,0,0,0,0,0,0,0,0,,,,,,
P41,25/7/2018,"1,8",19/9/2018,TE,P21,"17,5",20,15,"17,5",20,15,,,,20,0,5,1,1,0,0,10,1,1,0,1,0,0,0,0,0,0,0,0,0,0,0,0,0,0,1,0,0,0,0,0,0,0,0,0,0,,,,,,
P41,25/7/2018,"1,8",19/9/2018,M4,P22,"22,5",10,35,"7,5",10,5,15,0,30,10,0,1,0,0,0,0,5,0,0,0,0,0,0,0,0,0,0,0,0,0,0,0,0,0,0,1,0,0,0,0,0,0,0,0,0,0,,,,,,
P41,25/7/2018,"1,8",19/9/2018,M3,P23,"22,5",20,25,"12,5",20,5,10,0,20,20,0,1,0,0,0,0,5,0,0,0,0,0,0,0,0,0,0,0,0,0,0,0,0,0,0,1,0,0,0,0,0,0,0,0,0,0,,,,,,
P41,25/7/2018,"1,8",19/9/2018,M1,P24,25,20,30,15,20,10,10,0,20,20,0,1,0,1,0,0,5,0,0,0,0,0,0,0,0,0,0,0,0,0,0,1,0,0,0,5,0,0,0,0,0,0,0,0,0,0,,,,,,
P41,25/7/2018,"1,8",19/9/2018,M1,P25,25,20,30,15,20,10,10,0,20,20,0,5,0,0,0,0,1,0,0,1,0,0,0,0,0,0,0,0,0,0,0,1,0,0,0,5,0,0,0,0,0,0,0,0,0,0,,,,,,
P41,25/7/2018,"1,8",19/9/2018,TE,P26,15,20,10,15,20,10,,,,20,0,1,0,1,0,0,10,0,0,0,1,0,0,0,0,0,0,0,0,0,0,1,0,0,0,1,0,0,0,0,0,0,0,0,0,0,,,,,,
P41,25/7/2018,"1,8",19/9/2018,M5,P27,"17,5",10,25,"7,5",10,5,10,0,20,5,0,5,1,1,0,0,5,1,0,0,0,0,0,0,0,0,0,0,0,0,0,1,0,0,0,1,0,0,0,0,0,0,0,0,0,0,,,,,,
P41,25/7/2018,"1,8",19/9/2018,M3,P28,"17,5",10,25,"7,5",10,5,10,0,20,5,0,5,0,0,0,0,5,0,0,0,0,0,0,0,0,1,0,0,0,0,0,0,0,0,0,1,0,0,0,0,0,0,0,0,0,0,,,,,,
P41,25/7/2018,"1,8",19/9/2018,Tréf,P29,"7,5",10,5,"7,5",10,5,,,,10,0,1,0,0,0,0,5,1,0,0,0,0,0,0,0,0,0,0,0,0,0,0,0,0,0,1,0,0,0,0,0,0,0,0,0,0,,,,,,
P41,25/7/2018,"1,8",19/9/2018,M6,P30,"17,5",10,25,"7,5",10,5,10,0,20,10,0,1,0,1,0,0,5,1,0,0,0,0,0,0,0,0,0,0,1,0,0,1,0,0,0,1,0,0,0,0,0,0,0,0,0,0,,,,,,
P41,25/7/2018,"1,8",19/9/2018,M2,P31,20,10,30,"12,5",15,10,15,0,30,10,0,5,0,0,0,0,10,1,0,1,0,0,0,0,0,0,0,0,0,0,0,0,0,0,0,1,0,0,0,0,0,0,0,0,0,0,,,,,,
P41,25/7/2018,"1,8",19/9/2018,M4,P32,"22,5",10,35,"7,5",10,5,15,0,30,10,0,1,1,1,0,0,5,0,0,1,0,0,0,0,0,0,0,0,0,0,0,1,0,0,0,1,0,0,0,0,0,0,0,0,0,0,,,,,,
P41,25/7/2018,"2,6",12/10/2018,TE,P1,45,60,30,45,60,30,,,,5,0,20,5,5,0,0,20,5,1,1,1,1,0,1,0,1,1,0,0,0,10,10,5,0,0,0,1,0,0,0,1,5,0,0,0,0,,,,,,
P41,25/7/2018,"2,6",12/10/2018,M4,P2,60,60,60,40,60,20,20,0,40,5,0,20,1,1,0,1,20,1,1,1,1,0,0,1,0,0,0,0,0,0,10,1,10,0,0,0,1,0,0,0,1,1,0,0,0,0,,,,,,
P41,25/7/2018,"2,6",12/10/2018,M6,P3,65,60,70,35,60,10,30,0,60,5,0,5,1,1,0,0,20,1,1,0,1,0,0,1,0,0,1,0,0,10,20,1,10,0,0,0,1,0,0,0,1,0,0,0,0,0,,,,,,
P41,25/7/2018,"2,6",12/10/2018,M1,P4,50,70,30,45,70,20,5,0,10,10,0,20,1,1,0,1,20,1,0,0,1,0,0,0,0,0,0,0,0,5,5,10,5,0,0,0,5,0,0,0,1,10,0,0,0,0,,,,,,
P41,25/7/2018,"2,6",12/10/2018,Tréf,P5,40,60,20,40,60,20,,,,40,0,1,1,1,0,1,20,1,0,0,0,0,0,0,0,0,0,0,0,1,5,5,5,0,0,0,5,0,0,0,0,1,0,0,0,0,,,,,,
P41,25/7/2018,"2,6",12/10/2018,M2,P6,65,50,80,30,50,10,35,0,70,10,0,1,1,1,0,1,20,0,1,0,1,0,0,1,0,1,0,0,0,10,10,0,10,0,0,0,1,0,0,0,0,0,0,0,0,0,,,,,,
P41,25/7/2018,"2,6",12/10/2018,M3,P7,50,50,50,35,50,20,15,0,30,5,0,10,5,1,0,1,20,1,0,0,0,1,0,0,0,0,1,0,0,10,10,1,10,0,0,0,0,0,0,0,0,1,0,0,0,0,,,,,,
P41,25/7/2018,"2,6",12/10/2018,M5,P8,70,60,80,40,60,20,30,0,60,10,5,1,1,1,0,5,30,1,0,0,0,0,0,0,0,0,0,0,0,1,1,0,10,0,0,0,10,0,0,0,0,0,0,0,0,0,,,,,,
P41,25/7/2018,"2,6",12/10/2018,M6,P9,45,40,50,25,40,10,20,0,40,5,5,1,0,1,0,1,20,0,0,0,0,0,0,0,0,0,0,0,0,5,5,0,10,0,0,0,1,0,0,0,0,0,0,0,0,0,,,,,,
P41,25/7/2018,"2,6",12/10/2018,M3,P10,50,60,40,35,60,10,15,0,30,20,1,1,0,1,0,1,20,1,0,0,0,0,0,0,0,0,0,0,0,5,5,5,10,0,0,0,5,0,0,0,0,0,0,0,0,0,,,,,,
P41,25/7/2018,"2,6",12/10/2018,M2,P11,60,40,80,25,40,10,35,0,70,5,0,0,0,5,0,5,20,0,0,1,0,0,0,0,0,0,0,0,0,1,5,0,10,0,0,0,1,0,0,0,0,1,0,0,0,0,,,,,,
P41,25/7/2018,"2,6",12/10/2018,TE,P12,55,80,30,55,80,30,,,,10,5,20,5,1,0,1,30,1,0,0,0,0,0,5,0,0,0,0,0,10,10,1,10,0,0,0,5,0,0,0,0,1,0,0,0,0,,,,,,
P41,25/7/2018,"2,6",12/10/2018,M4,P13,70,60,80,40,60,20,30,0,60,10,1,5,1,1,0,1,30,1,0,0,0,0,0,1,0,0,0,0,0,10,10,0,10,0,0,0,5,0,0,0,0,1,0,0,0,0,,,,,,
P41,25/7/2018,"2,6",12/10/2018,M1,P14,60,40,80,25,40,10,35,0,70,20,0,0,1,1,0,1,1,0,0,0,0,0,1,0,0,0,0,0,0,10,1,0,10,0,0,0,0,0,0,0,0,0,0,0,0,0,,,,,,
P41,25/7/2018,"2,6",12/10/2018,M5,P15,55,50,60,30,50,10,25,0,50,10,0,1,1,0,0,1,20,0,0,0,0,0,0,0,0,0,0,0,0,10,5,0,10,0,0,0,5,0,0,0,0,0,0,0,0,0,,,,,,
P41,25/7/2018,"2,6",12/10/2018,Tréf,P16,25,40,10,25,40,10,,,,20,0,1,1,0,0,1,1,1,0,1,0,0,0,0,0,0,0,0,0,5,0,0,10,0,5,0,10,0,0,0,0,0,0,0,0,0,,,,,,
P41,25/7/2018,"2,6",12/10/2018,M2,P17,70,60,80,40,60,20,30,0,60,20,0,10,1,0,0,0,20,0,0,0,0,1,0,0,0,0,0,0,0,5,0,0,1,0,20,0,5,0,0,0,0,0,0,0,0,0,,,,,,
P41,25/7/2018,"2,6",12/10/2018,M6,P18,55,60,50,35,60,10,20,0,40,10,0,1,1,1,0,0,20,1,0,0,0,1,0,0,0,0,0,0,0,10,10,0,20,0,1,0,1,0,0,0,0,0,0,0,0,0,,,,,,
P41,25/7/2018,"2,6",12/10/2018,Tréf,P19,30,40,20,30,40,20,,,,20,1,10,1,0,0,0,0,1,0,1,0,1,0,0,0,1,0,0,0,10,1,0,10,0,1,0,0,0,0,0,0,0,0,0,0,0,,,,,,
P41,25/7/2018,"2,6",12/10/2018,M5,P20,60,40,80,30,40,20,30,0,60,10,0,10,1,0,0,0,20,1,1,0,0,0,0,0,0,0,0,0,0,10,0,0,10,0,1,0,0,0,0,0,0,0,0,0,0,0,,,,,,
P41,25/7/2018,"2,6",12/10/2018,TE,P21,40,60,20,40,60,20,,,,10,0,5,1,1,0,0,20,5,0,0,0,0,0,0,0,0,0,0,0,10,10,0,10,0,5,0,0,0,0,0,0,0,0,0,0,0,,,,,,
P41,25/7/2018,"2,6",12/10/2018,M4,P22,65,60,70,40,60,20,25,0,50,10,0,1,1,15,0,0,20,1,0,0,0,0,0,1,0,0,0,0,0,10,5,0,10,0,0,0,5,0,0,0,0,0,0,0,0,0,,,,,,
P41,25/7/2018,"2,6",12/10/2018,M3,P23,45,50,40,30,50,10,15,0,30,10,1,5,0,10,0,0,20,1,0,0,1,1,0,0,0,0,0,0,0,10,5,0,1,0,0,0,0,0,0,0,0,0,0,0,0,0,,,,,,
P41,25/7/2018,"2,6",12/10/2018,M1,P24,65,40,90,25,40,10,40,0,80,10,0,5,0,5,0,0,20,0,0,0,0,0,0,1,0,0,0,0,0,5,1,0,5,0,1,0,0,0,0,0,0,0,0,0,0,0,,,,,,
P41,25/7/2018,"2,6",12/10/2018,M1,P25,65,50,80,30,50,10,35,0,70,10,0,1,0,1,0,0,20,1,0,0,0,0,0,0,0,0,0,0,0,5,5,1,1,0,1,0,1,0,0,0,0,0,0,0,0,0,,,,,,
P41,25/7/2018,"2,6",12/10/2018,TE,P26,40,60,20,40,60,20,,,,10,0,5,0,0,0,0,40,1,0,0,0,0,0,0,0,1,0,0,0,10,0,1,10,0,5,0,5,0,0,0,0,0,0,0,0,0,,,,,,
P41,25/7/2018,"2,6",12/10/2018,M5,P27,60,40,80,25,40,10,35,0,70,10,0,1,0,1,0,0,30,0,0,0,0,0,0,0,0,0,0,0,0,10,0,0,5,0,0,0,1,0,0,0,0,0,0,0,0,0,,,,,,
P41,25/7/2018,"2,6",12/10/2018,M3,P28,35,40,30,25,40,10,10,0,20,10,0,0,0,1,0,0,20,1,0,0,0,0,0,0,0,0,0,0,0,10,0,0,10,0,1,0,0,0,0,0,0,0,0,0,0,0,,,,,,
P41,25/7/2018,"2,6",12/10/2018,Tréf,P29,20,20,20,20,20,20,,,,10,0,5,0,1,0,0,20,5,0,0,0,0,0,0,0,0,0,0,0,1,0,0,0,0,0,0,0,0,0,0,0,0,0,0,0,0,,,,,,
P41,25/7/2018,"2,6",12/10/2018,M6,P30,40,40,40,30,40,20,10,0,20,10,0,5,0,5,0,0,20,5,0,0,0,0,0,0,0,0,0,0,0,5,0,0,5,0,0,0,5,0,0,0,0,0,0,0,0,0,,,,,,
P41,25/7/2018,"2,6",12/10/2018,M2,P31,50,50,50,30,50,10,20,0,40,10,0,5,0,1,0,0,20,1,0,0,0,0,0,0,0,0,0,0,0,10,0,0,10,0,1,0,0,0,0,0,0,0,0,0,0,0,,,,,,
P41,25/7/2018,"2,6",12/10/2018,M4,P32,45,40,50,30,40,20,15,0,30,10,0,5,0,0,0,0,20,0,0,0,1,0,0,0,0,0,0,0,0,10,0,0,10,0,0,0,1,0,0,0,0,0,0,0,0,0,,,,,,
P41,25/7/2018,"3,6",12/11/2018,TE,P1,"17,5",15,20,"17,5",15,20,,,,5,1,10,1,1,0,1,5,1,0,0,5,0,0,0,0,0,0,0,0,0,0,0,0,0,0,0,0,0,0,0,10,0,0,0,0,0,,,,,,
P41,25/7/2018,"3,6",12/11/2018,M4,P2,"12,5",10,15,10,10,10,"2,5",0,5,5,1,5,1,1,0,1,5,0,0,0,5,0,0,1,0,0,0,1,0,0,0,0,0,0,0,0,0,0,0,0,1,0,0,0,0,0,,,,,,
P41,25/7/2018,"3,6",12/11/2018,M6,P3,"17,5",10,25,"12,5",10,15,5,0,10,5,1,5,1,1,1,1,5,0,0,0,5,1,0,0,0,0,0,1,0,1,0,0,0,0,0,0,0,0,0,0,5,0,0,0,0,0,,,,,,
P41,25/7/2018,"3,6",12/11/2018,M1,P4,15,15,15,15,15,15,"0,5",0,1,5,1,5,0,1,0,1,1,5,1,0,5,0,0,0,0,1,0,0,0,10,0,0,0,0,0,0,0,0,0,0,1,0,0,0,0,0,,,,,,
P41,25/7/2018,"3,6",12/11/2018,Tréf,P5,10,10,10,10,10,10,,,,10,1,1,1,1,0,1,1,0,0,0,10,0,0,0,0,0,0,0,0,1,0,0,0,0,0,0,0,0,0,0,0,0,0,0,0,0,,,,,,
P41,25/7/2018,"3,6",12/11/2018,M2,P6,10,5,15,5,5,5,5,0,10,5,1,1,1,1,0,0,5,0,1,0,1,0,0,1,0,1,0,1,0,1,0,0,0,0,0,0,0,0,0,0,1,0,0,0,0,0,,,,,,
P41,25/7/2018,"3,6",12/11/2018,M3,P7,"7,5",5,10,5,5,5,"2,5",0,5,5,1,1,1,1,0,1,5,0,0,0,1,0,0,1,0,1,0,0,0,1,0,0,0,0,0,0,0,0,0,0,0,0,0,0,0,0,,,,,,
P41,25/7/2018,"3,6",12/11/2018,M5,P8,"12,5",5,20,"7,5",5,10,5,0,10,5,0,1,0,1,0,1,10,1,0,0,1,0,0,1,0,0,0,0,0,1,0,0,0,0,0,0,0,0,0,0,1,0,0,0,0,0,,,,,,
P41,25/7/2018,"3,6",12/11/2018,M6,P9,"12,5",5,20,"7,5",5,10,5,0,10,5,1,5,0,1,0,1,5,1,1,0,1,0,0,1,0,1,0,0,0,1,0,0,0,0,0,0,0,0,0,0,1,0,0,0,0,0,,,,,,
P41,25/7/2018,"3,6",12/11/2018,M3,P10,10,5,15,10,5,15,0,0,0,5,1,5,0,1,0,1,5,0,1,0,0,0,0,1,0,1,0,1,0,5,0,0,0,0,0,0,0,0,0,0,1,0,0,0,0,0,,,,,,
P41,25/7/2018,"3,6",12/11/2018,M2,P11,"12,5",5,20,"7,5",5,10,5,0,10,5,1,5,1,1,1,0,5,0,0,0,1,0,0,0,0,1,0,1,0,5,0,0,0,0,0,0,0,0,0,0,0,0,0,0,0,0,,,,,,
P41,25/7/2018,"3,6",12/11/2018,TE,P12,10,10,10,10,10,10,,,,1,0,5,1,1,0,1,10,0,0,0,5,0,0,0,0,1,0,1,0,1,0,0,0,0,0,0,0,0,0,0,0,0,0,0,0,0,,,,,,
P41,25/7/2018,"3,6",12/11/2018,M4,P13,"12,5",5,20,10,5,15,"2,5",0,5,5,0,5,1,0,1,1,5,0,0,0,1,0,0,0,0,0,0,0,0,1,0,0,0,0,0,0,0,0,0,0,0,0,0,0,0,0,,,,,,
P41,25/7/2018,"3,6",12/11/2018,M1,P14,15,10,20,"12,5",10,15,"2,5",0,5,5,0,5,1,1,0,1,10,0,0,0,1,0,0,0,0,0,0,0,0,5,0,0,0,0,0,0,0,0,0,0,0,0,0,0,0,0,,,,,,
P41,25/7/2018,"3,6",12/11/2018,M5,P15,20,5,35,5,5,5,15,0,30,5,1,5,1,1,0,1,1,0,0,0,0,0,0,0,0,0,0,0,0,1,0,0,0,0,0,0,0,0,0,0,0,0,0,0,0,0,,,,,,
P41,25/7/2018,"3,6",12/11/2018,Tréf,P16,"7,5",5,10,"7,5",5,10,,,,5,1,1,1,1,0,1,5,0,0,0,1,0,0,1,0,0,0,0,5,1,0,0,0,0,0,0,0,0,0,0,0,0,0,0,0,0,,,,,,
P41,25/7/2018,"3,6",12/11/2018,M2,P17,45,30,60,25,30,20,"20,5",1,40,10,0,1,1,1,0,5,20,0,0,0,5,0,0,1,0,1,0,1,0,1,0,0,0,0,0,0,0,0,0,0,0,0,0,0,0,0,,,,,,
P41,25/7/2018,"3,6",12/11/2018,M6,P18,"12,5",10,15,10,10,10,"2,5",0,5,5,1,10,1,0,0,1,5,0,0,0,1,0,0,1,0,1,0,1,1,5,0,0,0,0,0,0,0,0,0,0,0,0,0,0,0,0,,,,,,
P41,25/7/2018,"3,6",12/11/2018,Tréf,P19,15,20,10,15,20,10,,,,10,1,5,1,1,0,1,5,0,0,0,1,1,0,1,0,1,0,0,1,10,0,0,0,0,0,0,0,0,0,0,0,0,0,0,0,0,,,,,,
P41,25/7/2018,"3,6",12/11/2018,M5,P20,"12,5",15,10,10,15,5,5,0,10,5,1,1,1,0,0,1,5,0,0,0,1,1,0,0,0,1,0,1,1,10,0,0,0,0,0,0,0,0,0,0,0,0,0,0,0,0,,,,,,
P41,25/7/2018,"3,6",12/11/2018,TE,P21,20,10,30,20,10,30,,,,5,1,5,1,1,1,5,10,0,0,0,5,0,0,1,0,1,0,0,0,10,0,0,0,0,0,0,0,0,0,0,0,0,0,0,0,0,,,,,,
P41,25/7/2018,"3,6",12/11/2018,M4,P22,"27,5",30,25,25,30,20,3,1,5,10,1,5,0,0,0,5,10,0,0,0,0,0,0,1,0,0,0,0,0,20,0,0,0,0,0,0,0,0,0,0,0,0,0,0,0,0,,,,,,
P41,25/7/2018,"3,6",12/11/2018,M3,P23,"12,5",10,15,"12,5",10,15,"0,5",0,1,5,0,5,1,1,0,1,10,0,0,0,1,0,0,1,0,1,0,0,0,10,0,0,0,0,0,0,0,0,0,0,0,0,0,0,0,0,,,,,,
P41,25/7/2018,"3,6",12/11/2018,M1,P24,20,10,30,10,10,10,10,0,20,5,1,1,0,0,1,1,10,0,0,0,1,0,0,1,0,1,0,0,0,10,0,0,0,0,0,0,0,0,0,0,0,0,0,0,0,0,,,,,,
P41,25/7/2018,"3,6",12/11/2018,M1,P25,10,10,10,10,10,10,"0,5",0,1,5,1,1,1,0,0,5,5,0,0,0,1,0,0,1,0,1,0,0,0,5,0,0,0,0,0,0,0,0,0,0,0,0,0,0,0,0,,,,,,
P41,25/7/2018,"3,6",12/11/2018,TE,P26,10,10,10,10,10,10,,,,5,1,5,1,1,1,1,5,0,0,0,1,0,0,0,0,0,0,1,0,5,0,0,0,0,0,0,0,0,0,0,0,0,0,0,0,0,,,,,,
P41,25/7/2018,"3,6",12/11/2018,M5,P27,"37,5",10,65,"7,5",10,5,30,0,60,5,0,5,0,1,1,0,5,0,0,0,0,0,0,1,0,1,0,1,1,5,0,0,0,0,0,0,0,0,0,0,0,0,0,0,0,0,,,,,,
P41,25/7/2018,"3,6",12/11/2018,M3,P28,"12,5",15,10,"12,5",15,10,"0,5",0,1,5,0,1,0,1,1,1,10,1,0,0,1,0,0,1,0,0,0,0,1,5,0,0,0,0,0,0,0,0,0,0,0,0,0,0,0,0,,,,,,
P41,25/7/2018,"3,6",12/11/2018,Tréf,P29,10,10,10,10,10,10,,,,5,1,5,0,1,0,1,5,0,0,1,5,0,0,0,0,1,0,1,1,1,0,0,0,0,0,0,0,0,0,0,0,0,0,0,0,0,,,,,,
P41,25/7/2018,"3,6",12/11/2018,M6,P30,15,10,20,"12,5",10,15,"2,5",0,5,5,5,5,1,1,0,1,5,0,0,1,1,0,0,1,0,0,0,0,0,5,0,0,0,0,0,0,0,0,0,0,0,0,0,0,0,0,,,,,,
P41,25/7/2018,"3,6",12/11/2018,M2,P31,15,10,20,10,10,10,5,0,10,5,1,5,1,0,0,0,5,0,0,0,1,0,0,1,0,1,0,1,1,5,0,0,0,0,0,0,0,0,0,0,0,0,0,0,0,0,,,,,,
P41,25/7/2018,"3,6",12/11/2018,M4,P32,15,15,15,"12,5",15,10,"2,5",0,5,5,1,5,,1,0,0,5,0,0,0,1,0,0,1,0,1,0,1,1,5,0,0,0,0,0,0,0,0,0,0,0,0,0,0,0,0,,,,,,
P41,25/7/2018,"4,3",4/12/2018,TE,P1,25,30,20,25,30,20,,,,10,0,10,1,1,0,,20,5,1,5,1,0,0,1,0,1,0,1,1,0,1,0,1,0,0,0,0,0,0,0,0,0,0,1,1,0,,,,,,
P41,25/7/2018,"4,3",4/12/2018,M4,P2,30,20,40,20,20,20,10,0,20,5,0,10,5,0,0,1,5,1,0,1,0,0,0,1,0,1,0,1,0,5,10,0,0,0,0,0,0,0,0,0,0,0,0,0,0,0,,,,,,
P41,25/7/2018,"4,3",4/12/2018,M6,P3,"22,5",20,25,20,20,20,"2,5",0,5,5,0,10,1,1,0,1,5,5,0,0,0,0,0,1,0,5,0,1,0,5,5,0,1,0,0,0,0,0,0,0,0,0,0,1,1,0,,,,,,
P41,25/7/2018,"4,3",4/12/2018,M1,P4,25,30,20,25,30,20,0,0,0,10,0,5,1,1,0,1,5,5,0,1,1,0,0,5,0,5,0,1,0,10,5,0,0,0,0,0,0,0,0,0,0,0,0,0,1,0,,,,,,
P41,25/7/2018,"4,3",4/12/2018,Tréf,P5,25,20,30,25,20,30,,,,20,0,1,1,1,0,1,10,1,0,0,1,0,0,1,0,1,0,1,0,20,1,0,5,0,0,0,0,0,0,0,0,0,0,0,0,0,,,,,,
P41,25/7/2018,"4,3",4/12/2018,M2,P6,"22,5",20,25,20,20,20,"2,5",0,5,10,0,0,1,1,0,5,10,1,0,0,1,0,0,5,0,1,0,1,0,1,10,0,1,1,0,0,0,0,0,0,0,0,0,1,0,0,,,,,,
P41,25/7/2018,"4,3",4/12/2018,M3,P7,30,20,40,20,20,20,10,0,20,10,0,0,1,1,0,5,5,1,0,0,5,0,0,1,0,1,0,1,1,5,5,0,5,0,0,0,0,0,0,0,0,0,0,1,0,0,,,,,,
P41,25/7/2018,"4,3",4/12/2018,M5,P8,40,20,60,20,20,20,20,0,40,10,0,0,1,1,0,5,5,1,0,1,5,0,0,1,0,1,0,1,1,5,5,0,5,1,0,0,0,0,0,0,0,0,0,1,1,0,,,,,,
P41,25/7/2018,"4,3",4/12/2018,M6,P9,25,15,35,"17,5",15,20,"7,5",0,15,10,0,1,1,0,0,1,5,0,1,0,1,0,0,0,0,1,0,0,1,5,5,0,1,0,0,0,0,0,0,0,0,0,0,1,0,0,,,,,,
P41,25/7/2018,"4,3",4/12/2018,M3,P10,20,15,25,20,15,25,0,0,0,10,1,0,0,1,0,5,1,0,0,0,5,0,0,1,0,0,0,1,0,10,5,0,5,0,0,0,0,0,0,0,0,0,0,1,0,0,,,,,,
P41,25/7/2018,"4,3",4/12/2018,M2,P11,"32,5",15,50,"12,5",15,10,20,0,40,5,0,0,0,1,0,5,5,0,0,5,1,0,0,1,0,1,0,0,0,5,5,0,1,0,0,0,0,0,0,0,0,0,0,1,0,0,,,,,,
P41,25/7/2018,"4,3",4/12/2018,TE,P12,20,10,30,20,10,30,,,,10,0,1,0,1,0,5,20,0,0,1,1,0,0,1,0,1,0,1,0,0,5,0,1,0,0,0,0,0,0,0,0,0,0,1,1,0,,,,,,
P41,25/7/2018,"4,3",4/12/2018,M4,P13,20,10,30,15,10,20,5,0,10,10,1,0,0,1,0,1,10,0,0,1,1,0,0,0,0,1,0,1,0,1,5,0,5,1,0,0,0,0,0,0,0,0,0,1,0,0,,,,,,
P41,25/7/2018,"4,3",4/12/2018,M1,P14,30,20,40,120,20,220,10,0,20,10,1,1,1,5,0,,5,0,0,0,1,0,0,1,0,0,0,1,0,15,1,0,5,0,0,0,0,0,0,0,0,0,0,1,0,0,,,,,,
P41,25/7/2018,"4,3",4/12/2018,M5,P15,"32,5",15,50,"12,5",15,10,20,0,40,5,0,0,1,1,0,1,10,0,0,1,1,0,0,1,0,1,0,1,0,5,1,0,5,0,0,0,0,0,0,0,0,0,0,0,0,0,,,,,,
P41,25/7/2018,"4,3",4/12/2018,Tréf,P16,20,20,20,20,20,20,,,,15,0,0,5,5,0,1,10,1,0,0,1,0,0,0,0,1,0,1,5,1,1,0,1,0,1,1,0,0,0,0,0,0,0,1,0,0,,,,,,
P41,25/7/2018,"4,3",4/12/2018,M2,P17,60,40,80,30,40,20,30,0,60,10,1,1,5,5,0,5,10,1,0,1,1,1,0,1,0,1,0,1,1,10,5,0,1,0,10,0,0,0,0,0,0,0,0,0,0,0,,,,,,
P41,25/7/2018,"4,3",4/12/2018,M6,P18,"27,5",40,15,25,40,10,"2,5",0,5,5,1,0,0,1,0,1,10,0,0,0,1,0,0,1,0,1,1,1,1,15,15,0,1,0,5,1,0,0,0,0,0,0,0,1,0,0,,,,,,
P41,25/7/2018,"4,3",4/12/2018,Tréf,P19,"17,5",15,20,"17,5",15,20,,,,10,0,0,0,5,0,5,5,1,0,1,1,0,0,0,0,0,1,1,0,10,1,0,0,0,1,0,0,0,0,0,0,0,0,0,0,0,,,,,,
P41,25/7/2018,"4,3",4/12/2018,M5,P20,30,20,40,20,20,20,10,0,20,10,0,1,1,5,0,1,10,0,0,0,1,0,0,0,0,0,1,1,1,10,5,0,1,1,1,0,0,0,0,0,0,0,0,0,0,0,,,,,,
P41,25/7/2018,"4,3",4/12/2018,TE,P21,35,30,40,35,30,40,,,,10,0,1,1,5,0,5,20,0,0,0,1,0,0,1,0,0,5,0,1,5,5,0,5,0,0,5,0,0,0,0,0,0,0,0,10,0,,,,,,
P41,25/7/2018,"4,3",4/12/2018,M4,P22,35,20,50,30,20,40,5,0,10,10,0,0,0,5,1,1,20,0,0,0,1,0,0,0,0,0,1,1,5,10,5,0,0,0,5,0,0,0,0,0,0,0,0,0,0,0,,,,,,
P41,25/7/2018,"4,3",4/12/2018,M3,P23,"27,5",20,35,25,20,30,"2,5",0,5,5,1,1,0,5,1,1,20,0,1,0,1,0,0,0,0,0,1,0,1,5,5,0,1,10,0,1,0,0,0,0,0,0,0,0,0,0,,,,,,
P41,25/7/2018,"4,3",4/12/2018,M1,P24,50,20,80,20,20,20,30,0,60,5,0,0,0,5,0,1,10,0,5,0,5,0,0,0,0,1,0,0,0,1,5,0,0,5,0,0,0,0,0,0,0,0,0,0,0,0,,,,,,
P41,25/7/2018,"4,3",4/12/2018,M1,P25,45,20,70,30,20,40,15,0,30,5,0,1,1,5,0,5,20,1,0,0,1,0,0,0,0,0,0,1,0,5,10,0,5,10,0,0,0,0,0,0,0,0,0,1,1,0,,,,,,
P41,25/7/2018,"4,3",4/12/2018,TE,P26,35,30,40,35,30,40,,,,5,1,1,0,1,0,1,25,0,1,1,1,0,0,0,0,1,0,5,5,5,10,0,5,10,0,0,0,0,0,0,0,0,0,0,0,0,,,,,,
P41,25/7/2018,"4,3",4/12/2018,M5,P27,50,20,80,20,20,20,30,0,60,5,0,1,0,1,0,1,10,0,0,1,1,0,0,1,0,0,1,1,0,10,5,0,5,5,0,1,0,0,0,0,0,0,0,1,0,0,,,,,,
P41,25/7/2018,"4,3",4/12/2018,M3,P28,30,20,40,30,20,40,0,0,0,5,0,5,0,1,0,1,20,0,0,1,1,0,0,0,0,0,1,1,1,10,10,0,5,1,0,1,0,0,0,0,0,0,0,1,5,0,,,,,,
P41,25/7/2018,"4,3",4/12/2018,Tréf,P29,25,20,30,25,20,30,,,,10,0,1,0,5,0,5,10,5,0,0,1,0,0,0,0,0,0,0,1,5,5,0,1,5,0,0,0,0,0,0,0,0,0,1,1,0,,,,,,
P41,25/7/2018,"4,3",4/12/2018,M6,P30,35,25,45,"32,5",25,40,"2,5",0,5,10,0,1,1,1,0,5,20,0,1,1,5,0,0,1,0,0,1,1,0,5,5,0,5,0,0,0,0,0,0,0,0,0,0,10,0,0,,,,,,
P41,25/7/2018,"4,3",4/12/2018,M2,P31,"57,5",35,80,"27,5",35,20,30,0,60,10,0,0,1,1,0,5,15,0,0,1,1,0,0,0,0,0,0,1,0,10,5,0,5,5,0,0,0,0,0,0,0,0,0,5,0,0,,,,,,
P41,25/7/2018,"4,3",4/12/2018,M4,P32,30,20,40,20,20,20,10,0,20,10,0,0,0,1,0,1,10,1,1,1,1,0,0,0,0,1,1,1,1,5,5,0,1,10,1,0,0,0,0,0,0,0,0,1,0,0,,,,,,
P41,25/7/2018,"5,9",21/1/2019,TE,P1,"12,5",5,20,"12,5",5,20,,,,5,0,5,1,1,0,1,5,1,0,1,1,0,0,1,0,1,0,1,1,1,0,0,0,0,0,0,0,0,0,0,0,0,0,5,0,0,,,,,,
P41,25/7/2018,"5,9",21/1/2019,M4,P2,"17,5",15,20,"12,5",10,15,5,5,5,5,0,1,1,0,0,1,5,1,0,0,1,0,0,5,0,0,0,1,0,5,0,0,0,0,0,0,0,0,0,0,0,0,0,5,0,0,,,,,,
P41,25/7/2018,"5,9",21/1/2019,M6,P3,35,20,50,30,20,40,5,0,10,5,1,5,5,1,0,1,10,1,0,0,5,1,0,10,1,5,0,1,0,20,0,0,0,0,0,0,0,0,0,0,0,0,0,5,0,0,,,,,,
P41,25/7/2018,"5,9",21/1/2019,M1,P4,"22,5",10,35,20,10,30,"2,5",0,5,5,0,1,1,1,0,0,10,5,1,1,0,0,0,1,0,1,0,1,0,10,0,0,0,0,0,0,0,0,0,0,0,0,0,10,0,0,,,,,,
P41,25/7/2018,"5,9",21/1/2019,Tréf,P5,10,10,10,10,10,10,,,,5,0,0,1,0,0,0,10,1,0,0,0,0,0,1,0,1,0,1,1,5,0,0,0,1,0,0,0,0,0,0,0,0,0,1,0,0,,,,,,
P41,25/7/2018,"5,9",21/1/2019,M2,P6,"47,5",20,75,"22,5",15,30,25,5,45,10,0,5,5,1,0,5,5,1,0,1,0,1,0,1,0,0,0,0,0,5,0,0,0,1,0,0,0,0,0,0,0,0,0,10,0,0,,,,,,
P41,25/7/2018,"5,9",21/1/2019,M3,P7,25,15,35,"22,5",15,30,"2,5",0,5,5,0,5,5,0,0,0,10,1,0,0,1,0,0,5,0,1,0,1,0,5,0,0,0,1,0,0,0,0,0,0,0,0,0,10,0,0,,,,,,
P41,25/7/2018,"5,9",21/1/2019,M5,P8,30,20,40,20,20,20,10,0,20,5,0,5,1,0,0,0,10,0,0,1,1,0,0,5,0,0,0,0,1,5,0,0,0,0,0,0,0,0,0,0,0,0,0,10,0,0,,,,,,
P41,25/7/2018,"5,9",21/1/2019,M6,P9,30,10,50,20,10,30,10,0,20,5,0,1,1,0,0,1,10,1,0,0,1,1,0,5,1,0,0,1,1,1,0,0,0,0,0,0,0,0,0,0,0,0,0,10,0,0,,,,,,
P41,25/7/2018,"5,9",21/1/2019,M3,P10,"17,5",10,25,15,10,20,"2,5",0,5,5,1,5,1,1,0,0,5,0,1,0,1,0,0,5,0,1,0,1,0,10,0,0,0,0,0,0,0,0,0,0,0,0,0,10,0,0,,,,,,
P41,25/7/2018,"5,9",21/1/2019,M2,P11,"27,5",15,40,10,10,10,15,0,30,1,1,5,1,1,0,1,5,0,0,1,1,1,0,1,0,0,0,1,1,5,0,0,0,1,0,0,0,0,0,0,0,0,0,5,0,0,,,,,,
P41,25/7/2018,"5,9",21/1/2019,TE,P12,"7,5",0,15,20,20,20,,,,5,1,1,1,0,0,1,5,0,0,0,5,0,0,0,0,0,0,0,0,5,0,0,0,1,0,0,0,0,0,0,0,0,0,5,0,0,,,,,,
P41,25/7/2018,"5,9",21/1/2019,M4,P13,"22,5",20,25,20,10,30,"2,5",0,5,5,0,5,1,1,0,0,10,1,0,0,1,0,0,5,0,1,0,5,1,5,0,0,0,1,0,0,0,0,0,0,0,0,0,5,0,0,,,,,,
P41,25/7/2018,"5,9",21/1/2019,M1,P14,30,20,40,15,10,20,0,0,0,5,0,5,5,1,0,5,10,0,0,0,5,0,0,5,0,0,0,1,0,10,0,0,0,0,0,0,0,0,0,0,0,0,0,10,0,0,,,,,,
P41,25/7/2018,"5,9",21/1/2019,M5,P15,35,20,50,10,10,10,15,0,30,5,1,1,0,1,0,5,5,5,0,0,1,0,0,1,0,1,0,1,0,10,0,0,0,0,0,0,0,0,0,0,0,0,0,10,0,0,,,,,,
P41,25/7/2018,"5,9",21/1/2019,Tréf,P16,15,10,20,15,10,20,,,,5,0,1,1,0,0,1,5,0,0,0,1,0,0,1,0,1,0,1,1,10,0,0,0,1,0,0,0,0,0,0,0,0,0,0,0,0,,,,,,
P41,25/7/2018,"5,9",21/1/2019,M2,P17,30,10,50,15,10,20,15,0,30,5,0,0,5,0,0,0,1,1,0,0,1,0,0,1,0,0,0,1,0,10,0,0,0,0,0,0,0,0,0,0,0,0,0,0,0,0,,,,,,
P41,25/7/2018,"5,9",21/1/2019,M6,P18,"32,5",20,45,30,20,40,"2,5",0,5,10,0,1,5,0,1,0,5,1,0,1,5,0,0,5,0,1,0,1,0,20,0,0,0,1,0,0,0,0,0,0,0,0,0,0,0,0,,,,,,
P41,25/7/2018,"5,9",21/1/2019,Tréf,P19,30,20,40,20,20,,,,,5,1,1,1,0,0,1,5,0,0,0,5,1,0,5,0,0,0,1,1,20,0,0,0,10,0,0,0,0,0,0,0,0,0,0,0,0,,,,,,
P41,25/7/2018,"5,9",21/1/2019,M5,P20,40,20,60,20,20,20,20,0,40,5,0,5,1,0,0,1,5,1,0,1,1,0,0,5,0,1,0,0,0,10,0,0,0,0,0,0,0,0,0,0,0,0,0,0,0,0,,,,,,
P41,25/7/2018,"5,9",21/1/2019,TE,P21,30,20,40,20,20,,,,,5,1,1,5,0,0,1,10,0,0,0,5,0,0,5,0,0,0,1,0,20,0,0,0,1,0,0,0,0,0,0,0,0,0,0,0,0,,,,,,
P41,25/7/2018,"5,9",21/1/2019,M4,P22,"22,5",10,35,20,10,30,"2,5",0,5,5,1,1,1,0,0,1,5,0,0,1,1,0,0,10,0,1,0,0,1,10,0,0,0,0,0,0,0,0,0,0,0,0,0,0,0,0,,,,,,
P41,25/7/2018,"5,9",21/1/2019,M3,P23,25,20,30,25,20,30,0,0,0,5,0,5,0,0,5,0,10,5,0,1,5,1,0,5,0,0,0,1,1,5,0,0,0,1,0,0,0,0,0,0,0,0,0,0,0,0,,,,,,
P41,25/7/2018,"5,9",21/1/2019,M1,P24,30,20,40,30,20,40,0,0,0,5,0,1,1,5,0,5,5,1,0,0,5,0,1,5,0,0,0,1,0,20,0,0,0,0,0,0,0,0,0,0,0,0,0,0,0,0,,,,,,
P41,25/7/2018,"5,9",21/1/2019,M1,P25,30,20,40,30,20,40,0,0,0,5,0,5,0,0,1,0,5,0,0,0,5,0,0,1,0,1,0,1,0,20,0,0,0,10,0,0,0,0,0,0,0,0,0,0,0,0,,,,,,
P41,25/7/2018,"5,9",21/1/2019,TE,P26,"17,5",15,20,15,15,,,,,5,0,5,0,1,0,0,5,0,0,0,1,0,0,5,0,0,0,0,0,10,0,0,0,0,0,0,0,0,0,0,0,0,0,0,0,0,,,,,,
P41,25/7/2018,"5,9",21/1/2019,M5,P27,45,20,70,20,20,20,25,0,50,5,0,1,1,0,1,1,1,1,0,0,0,0,0,5,0,0,0,1,1,20,0,0,0,1,0,0,0,0,0,0,0,0,0,0,0,0,,,,,,
P41,25/7/2018,"5,9",21/1/2019,M3,P28,15,10,20,15,10,20,0,0,0,5,1,1,0,1,0,0,10,0,0,1,1,0,0,1,0,0,0,1,0,10,0,0,0,1,0,0,0,0,0,0,0,0,0,0,0,0,,,,,,
P41,25/7/2018,"5,9",21/1/2019,Tréf,P29,15,10,20,10,10,,,,,5,1,1,1,0,0,1,5,0,0,0,0,0,0,1,0,1,0,1,1,10,0,0,0,0,0,0,0,0,0,0,0,0,0,0,0,0,,,,,,
P41,25/7/2018,"5,9",21/1/2019,M6,P30,15,10,20,15,10,20,0,0,0,5,0,1,0,0,0,5,5,0,0,0,1,0,0,1,0,1,0,0,1,5,0,0,0,0,0,0,0,0,0,0,0,0,0,0,0,0,,,,,,
P41,25/7/2018,"5,9",21/1/2019,M2,P31,40,20,60,20,20,20,20,0,40,5,0,5,1,0,0,5,5,0,0,1,1,0,0,1,0,1,0,1,0,10,0,0,0,0,0,0,0,0,0,0,0,0,0,0,0,0,,,,,,
P41,25/7/2018,"5,9",21/1/2019,M4,P32,"27,5",10,45,25,10,40,"2,5",0,5,5,0,5,1,0,0,1,1,0,0,0,1,0,0,10,0,0,0,1,0,10,0,0,0,10,0,0,0,0,0,0,0,0,0,0,0,0,,,,,,
P41,25/7/2018,"6,9",19/2/2019,TE,P1,25,20,30,25,20,30,,,,1,1,1,5,0,1,0,10,5,1,0,5,0,0,1,0,5,0,0,5,5,0,0,10,0,1,0,0,0,0,0,0,0,0,1,0,0,,,,,,
P41,25/7/2018,"6,9",19/2/2019,M4,P2,"32,5",30,35,25,20,30,"7,5",10,5,1,5,0,5,5,1,1,10,1,0,0,1,0,0,1,0,0,0,1,0,10,0,0,15,0,1,0,0,0,0,0,0,0,0,1,0,0,,,,,,
P41,25/7/2018,"6,9",19/2/2019,M6,P3,25,20,30,20,20,20,5,0,10,1,0,1,5,0,0,0,5,5,0,0,5,0,0,0,0,1,1,0,0,10,0,0,10,0,0,0,0,0,0,0,0,0,0,1,0,0,,,,,,
P41,25/7/2018,"6,9",19/2/2019,M1,P4,"12,5",10,15,"12,5",10,15,0,0,0,1,1,0,5,0,0,0,5,1,0,0,1,0,0,1,0,0,0,1,1,5,0,0,5,0,5,0,0,0,0,0,0,0,0,1,0,0,,,,,,
P41,25/7/2018,"6,9",19/2/2019,Tréf,P5,"12,5",10,15,"12,5",10,15,,,,1,0,1,1,0,0,0,5,0,0,0,1,0,0,1,0,0,0,0,0,5,0,0,5,0,0,0,0,0,0,0,0,0,0,5,0,0,,,,,,
P41,25/7/2018,"6,9",19/2/2019,M2,P6,45,30,60,25,20,30,20,10,30,1,1,1,5,1,1,0,1,0,0,0,1,0,0,0,0,0,0,1,0,10,0,0,20,0,10,0,0,0,0,0,0,0,0,5,0,0,,,,,,
P41,25/7/2018,"6,9",19/2/2019,M3,P7,30,25,35,25,20,30,"2,5",0,5,1,0,0,5,0,0,1,5,5,0,0,1,0,0,1,0,1,1,0,1,5,0,0,20,0,5,0,0,0,0,0,0,0,0,5,0,0,,,,,,
P41,25/7/2018,"6,9",19/2/2019,M5,P8,30,20,40,20,20,20,10,0,20,1,0,5,1,0,0,0,5,0,0,0,1,0,0,0,0,0,0,0,0,10,0,0,10,0,5,0,0,0,0,0,0,0,0,5,0,0,,,,,,
P41,25/7/2018,"6,9",19/2/2019,M6,P9,40,20,60,25,20,30,15,0,30,1,0,5,1,0,0,0,5,0,0,0,1,0,0,1,0,1,0,0,1,20,0,0,10,0,0,0,0,0,0,0,0,0,0,10,0,0,,,,,,
P41,25/7/2018,"6,9",19/2/2019,M3,P10,"32,5",20,45,30,20,40,"2,5",0,5,1,1,1,5,0,1,0,10,0,0,0,1,0,0,0,0,1,0,0,0,20,0,0,10,0,10,0,0,0,0,0,0,0,0,5,0,0,,,,,,
P41,25/7/2018,"6,9",19/2/2019,M2,P11,40,25,55,"17,5",20,15,"22,5",5,40,1,0,0,5,0,0,0,5,1,0,0,1,0,0,1,0,0,0,0,0,10,0,0,5,0,5,0,0,0,0,0,0,0,0,5,0,0,,,,,,
P41,25/7/2018,"6,9",19/2/2019,TE,P12,20,15,25,20,15,25,,,,5,0,1,5,0,0,1,5,1,0,0,1,0,0,1,0,1,0,1,0,10,0,0,5,0,1,0,0,0,0,0,0,0,0,10,0,0,,,,,,
P41,25/7/2018,"6,9",19/2/2019,M4,P13,30,25,35,"17,5",15,20,"7,5",10,5,1,0,1,1,0,1,0,5,0,0,0,1,0,0,1,0,0,0,0,0,10,0,0,10,0,5,0,0,0,0,0,0,0,0,5,0,0,,,,,,
P41,25/7/2018,"6,9",19/2/2019,M1,P14,10,10,10,10,10,10,0,0,0,1,0,0,1,0,0,1,5,0,0,0,1,0,0,1,0,1,0,1,1,5,0,0,10,0,0,0,0,0,0,0,0,0,0,0,0,0,,,,,,
P41,25/7/2018,"6,9",19/2/2019,M5,P15,35,20,50,20,20,20,15,0,30,1,0,1,5,0,1,1,5,1,0,0,5,0,0,1,0,1,0,1,1,5,0,0,5,0,10,0,0,0,0,0,0,0,0,5,0,0,,,,,,
P41,25/7/2018,"6,9",19/2/2019,Tréf,P16,10,10,10,10,10,10,,,,1,0,1,1,1,1,1,5,0,0,0,1,0,0,1,0,1,0,0,1,5,0,0,5,1,0,0,0,0,0,0,0,0,0,5,0,0,,,,,,
P41,25/7/2018,"6,9",19/2/2019,M2,P17,40,20,60,25,20,30,15,0,30,1,1,1,5,1,0,0,5,5,0,1,1,0,0,0,0,0,0,1,0,10,0,0,10,1,5,0,0,0,0,0,0,0,0,10,0,0,,,,,,
P41,25/7/2018,"6,9",19/2/2019,M6,P18,15,10,20,"12,5",10,15,"2,5",0,5,1,0,0,5,1,0,1,1,1,0,0,1,0,0,1,1,1,1,0,1,5,0,0,5,0,5,0,0,0,0,0,0,0,0,5,0,0,,,,,,
P41,25/7/2018,"6,9",19/2/2019,Tréf,P19,25,20,30,25,20,30,,,,1,0,1,1,1,10,1,1,1,0,0,5,0,0,1,0,1,0,0,0,10,0,0,10,1,5,0,0,0,0,0,0,0,0,10,0,0,,,,,,
P41,25/7/2018,"6,9",19/2/2019,M5,P20,35,20,50,25,20,30,10,0,20,1,0,10,0,0,0,0,15,0,0,1,1,1,0,1,0,1,1,0,0,5,0,0,5,0,5,0,0,0,0,0,0,0,0,10,0,0,,,,,,
P41,25/7/2018,"6,9",19/2/2019,TE,P21,30,30,30,30,30,30,,,,1,1,1,1,1,0,1,5,0,0,0,1,0,0,1,0,0,0,1,1,5,0,0,10,0,1,0,0,0,0,0,0,0,0,10,0,0,,,,,,
P41,25/7/2018,"6,9",19/2/2019,M4,P22,"37,5",40,35,30,30,30,"7,5",10,5,1,1,0,1,5,1,1,1,1,0,1,1,1,0,1,0,0,0,1,0,10,0,0,5,1,5,0,0,0,0,0,0,0,0,10,0,0,,,,,,
P41,25/7/2018,"6,9",19/2/2019,M3,P23,30,30,30,30,30,30,0,0,0,5,0,0,1,5,0,1,5,1,0,1,1,0,0,1,0,1,0,1,0,10,0,0,5,0,1,0,0,0,0,0,0,0,0,1,0,0,,,,,,
P41,25/7/2018,"6,9",19/2/2019,M1,P24,20,20,20,20,20,20,0,0,0,1,0,5,0,5,1,1,5,0,0,0,1,0,0,1,0,0,0,0,0,10,0,0,5,1,1,0,0,0,0,0,0,0,0,10,0,0,,,,,,
P41,25/7/2018,"6,9",19/2/2019,M1,P25,"12,5",10,15,"57,5",10,105,0,0,0,1,0,1,1,1,1,1,5,0,0,1,1,0,0,1,0,1,0,0,1,5,0,0,5,1,5,0,0,0,0,0,0,0,0,5,0,0,,,,,,
P41,25/7/2018,"6,9",19/2/2019,TE,P26,25,20,30,25,20,30,,,,1,0,0,1,1,0,1,5,5,0,0,5,0,0,0,0,1,0,1,0,10,0,0,5,1,10,0,0,0,0,0,0,0,0,10,0,0,,,,,,
P41,25/7/2018,"6,9",19/2/2019,M5,P27,35,20,50,25,30,20,15,0,30,1,0,5,1,1,0,0,5,0,0,1,5,0,0,1,0,1,0,1,1,10,0,0,5,0,10,0,0,0,0,0,0,0,0,10,0,0,,,,,,
P41,25/7/2018,"6,9",19/2/2019,M3,P28,"22,5",20,25,20,20,20,"2,5",0,5,1,0,1,0,1,1,1,5,1,0,1,5,0,0,1,0,1,0,0,1,10,0,0,1,1,10,0,0,0,0,0,0,0,0,10,0,0,,,,,,
P41,25/7/2018,"6,9",19/2/2019,Tréf,P29,"12,5",10,15,"12,5",10,15,,,,1,0,1,5,0,1,1,5,1,0,0,1,0,0,1,0,0,0,1,0,5,0,0,1,0,5,0,0,0,0,0,0,0,0,5,0,0,,,,,,
P41,25/7/2018,"6,9",19/2/2019,M6,P30,10,10,10,10,10,10,0,0,0,1,0,1,1,1,1,1,5,0,0,1,5,0,0,1,0,1,0,0,1,5,0,0,1,1,1,0,0,0,0,0,0,0,0,5,0,0,,,,,,
P41,25/7/2018,"6,9",19/2/2019,M2,P31,35,20,50,20,20,20,15,0,30,1,0,1,1,1,0,1,5,0,0,1,1,0,0,5,0,1,0,1,1,10,0,0,5,1,5,0,0,0,0,0,0,0,0,10,0,0,,,,,,
P41,25/7/2018,"6,9",19/2/2019,M4,P32,35,35,35,"22,5",20,25,"12,5",15,10,1,0,0,5,1,0,1,1,0,0,1,1,0,0,5,0,1,0,1,1,10,0,0,5,0,5,0,0,0,0,0,0,0,0,10,0,0,,,,,,
P41,25/7/2018,"8,2",1/4/2019,TE,P1,20,10,30,20,10,30,,,,1,1,10,5,1,1,1,10,5,0,1,10,0,0,1,0,1,0,1,0,1,1,0,0,0,0,0,0,0,0,0,0,0,0,0,0,0,,,,,,
P41,25/7/2018,"8,2",1/4/2019,M4,P2,20,25,15,10,10,10,10,15,5,1,5,1,5,0,0,1,5,0,0,0,1,0,0,5,0,1,1,0,0,1,1,0,0,0,0,0,0,0,0,0,0,0,0,0,0,0,,,,,,
P41,25/7/2018,"8,2",1/4/2019,M6,P3,20,15,25,15,15,15,5,0,10,1,0,1,1,5,0,1,5,0,0,0,5,0,0,1,0,5,1,0,0,1,5,0,0,1,0,0,0,0,0,0,0,0,0,5,0,0,,,,,,
P41,25/7/2018,"8,2",1/4/2019,M1,P4,10,5,15,10,5,15,0,0,0,1,0,1,1,5,0,1,5,0,0,1,5,0,0,1,0,1,0,0,0,5,0,0,0,0,0,0,0,0,0,0,0,0,0,1,0,0,,,,,,
P41,25/7/2018,"8,2",1/4/2019,Tréf,P5,"12,5",10,15,"12,5",10,15,,,,1,0,0,1,5,0,0,5,0,0,0,5,0,0,5,0,1,0,1,0,5,0,0,0,1,0,1,0,0,0,0,0,0,1,1,0,0,,,,,,
P41,25/7/2018,"8,2",1/4/2019,M2,P6,"37,5",25,50,20,20,20,"17,5",5,30,0,0,0,1,10,1,1,5,1,0,0,5,0,0,5,0,1,0,1,0,5,0,0,0,0,0,0,0,0,0,0,0,0,1,10,0,0,,,,,,
P41,25/7/2018,"8,2",1/4/2019,M3,P7,5,5,5,5,5,5,"0,5",0,1,1,1,0,1,1,0,0,1,1,0,0,5,0,0,1,0,0,0,0,0,0,0,0,0,1,0,0,0,0,0,0,0,0,0,5,0,0,,,,,,
P41,25/7/2018,"8,2",1/4/2019,M5,P8,"42,5",25,60,25,20,30,15,0,30,0,1,1,1,1,0,5,5,1,0,0,10,0,0,1,0,1,0,5,0,1,5,0,0,1,0,1,0,0,0,0,0,0,0,15,0,0,,,,,,
P41,25/7/2018,"8,2",1/4/2019,M6,P9,"22,5",10,35,"12,5",10,15,10,0,20,0,1,0,1,1,0,0,5,0,0,0,10,0,0,1,0,1,0,0,0,0,5,0,0,0,0,0,0,0,0,0,0,0,0,5,0,0,,,,,,
P41,25/7/2018,"8,2",1/4/2019,M3,P10,10,10,10,10,10,10,0,0,0,0,0,0,1,1,0,1,5,0,0,1,5,0,0,1,0,1,0,0,0,5,5,0,0,0,0,0,0,0,0,0,0,0,0,1,0,0,,,,,,
P41,25/7/2018,"8,2",1/4/2019,M2,P11,30,20,40,10,10,10,15,0,30,0,0,0,1,5,0,1,1,0,0,1,5,0,0,1,0,0,0,0,0,1,1,0,0,1,0,0,0,0,0,0,0,0,0,10,0,0,,,,,,
P41,25/7/2018,"8,2",1/4/2019,TE,P12,15,10,20,15,10,20,,,,0,0,1,1,5,0,1,5,0,0,0,5,0,0,5,0,1,0,0,0,5,1,0,0,0,0,0,0,0,0,0,0,0,0,5,0,0,,,,,,
P41,25/7/2018,"8,2",1/4/2019,M4,P13,"12,5",10,15,"12,5",10,15,"0,5",1,0,1,1,0,1,5,0,1,5,0,0,0,5,0,0,1,0,0,1,0,0,5,5,0,0,0,0,0,0,0,0,0,0,0,0,1,0,0,,,,,,
P41,25/7/2018,"8,2",1/4/2019,M1,P14,10,10,10,10,10,10,0,0,0,1,1,1,1,5,0,1,1,1,0,0,5,0,0,1,0,1,1,0,0,5,1,0,0,1,0,1,0,0,0,0,0,0,0,5,0,0,,,,,,
P41,25/7/2018,"8,2",1/4/2019,M5,P15,20,10,30,10,10,10,10,0,20,1,1,1,1,5,0,1,1,1,0,0,5,0,0,1,0,1,0,1,0,5,1,0,0,1,0,1,0,0,0,0,0,0,0,5,0,0,,,,,,
P41,25/7/2018,"8,2",1/4/2019,Tréf,P16,10,10,10,10,10,10,,,,0,0,0,1,1,0,1,5,0,0,0,5,0,0,0,0,0,0,1,0,1,5,0,0,0,0,0,0,0,0,0,0,0,0,5,0,0,,,,,,
P41,25/7/2018,"8,2",1/4/2019,M2,P17,30,20,40,10,10,10,20,10,30,0,0,0,0,1,0,1,5,0,0,0,5,0,0,1,0,1,0,1,0,5,0,0,0,0,0,0,0,0,0,0,0,0,0,5,0,0,,,,,,
P41,25/7/2018,"8,2",1/4/2019,M6,P18,15,10,20,"12,5",10,15,"2,5",0,5,0,1,1,5,1,0,0,5,0,0,0,5,0,0,1,0,1,0,1,0,5,0,0,0,1,0,0,0,0,0,0,0,0,0,5,0,0,,,,,,
P41,25/7/2018,"8,2",1/4/2019,Tréf,P19,"12,5",10,15,"12,5",10,15,,,,0,0,0,1,5,0,1,5,1,5,1,5,0,0,5,0,1,0,1,0,1,0,0,0,1,0,0,0,0,0,0,0,0,0,0,0,0,,,,,,
P41,25/7/2018,"8,2",1/4/2019,M5,P20,30,15,45,15,15,15,15,0,30,0,0,1,1,5,0,1,5,1,1,0,5,0,0,5,0,5,0,5,1,5,0,0,0,0,0,0,0,0,0,0,0,0,0,5,0,0,,,,,,
P41,25/7/2018,"8,2",1/4/2019,TE,P21,"12,5",10,15,"12,5",10,15,,,,0,1,1,1,5,0,1,5,1,0,0,5,0,0,5,0,1,1,1,0,5,1,0,0,0,0,0,0,0,0,0,0,0,1,1,0,0,,,,,,
P41,25/7/2018,"8,2",1/4/2019,M4,P22,"12,5",10,15,"12,5",10,15,0,0,0,0,0,0,1,5,0,1,5,0,0,0,5,0,0,1,0,1,0,1,0,5,0,0,0,0,0,0,0,0,0,0,0,0,0,5,0,0,,,,,,
P41,25/7/2018,"8,2",1/4/2019,M3,P23,"7,5",5,10,"7,5",5,10,0,0,0,0,0,0,1,1,0,0,5,0,0,1,5,0,0,0,0,0,0,0,0,5,0,0,0,0,0,0,0,0,0,0,0,0,0,1,0,0,,,,,,
P41,25/7/2018,"8,2",1/4/2019,M1,P24,10,10,10,10,10,10,0,0,0,0,0,0,1,5,0,0,1,0,0,0,5,0,0,0,0,1,0,1,0,5,1,0,0,0,0,0,0,0,0,0,0,0,1,5,0,0,,,,,,
P41,25/7/2018,"8,2",1/4/2019,M1,P25,10,10,10,10,10,10,0,0,0,0,0,1,5,1,0,0,1,0,1,1,5,0,0,0,0,0,0,0,0,5,1,0,0,0,0,0,0,0,0,0,0,0,0,5,0,0,,,,,,
P41,25/7/2018,"8,2",1/4/2019,TE,P26,15,15,15,15,15,15,,,,0,0,5,1,5,0,1,5,0,1,0,5,0,0,5,0,1,0,1,0,5,5,0,0,1,0,0,0,0,0,0,0,0,1,5,0,0,,,,,,
P41,25/7/2018,"8,2",1/4/2019,M5,P27,30,10,50,15,10,20,15,0,30,0,1,0,1,5,0,1,1,0,0,0,10,0,0,1,0,1,0,1,0,10,1,0,0,0,0,0,0,0,0,0,0,0,1,5,0,0,,,,,,
P41,25/7/2018,"8,2",1/4/2019,M3,P28,10,10,10,10,10,10,0,0,0,0,0,1,1,0,0,1,5,0,0,0,5,0,0,1,0,1,0,1,0,5,0,0,0,0,0,0,0,0,0,0,0,0,0,5,0,0,,,,,,
P41,25/7/2018,"8,2",1/4/2019,Tréf,P29,10,10,10,10,10,10,,,,0,0,1,1,1,0,1,5,0,0,0,5,0,0,1,0,0,0,0,0,5,0,0,0,0,0,0,0,0,0,0,0,0,1,5,0,0,,,,,,
P41,25/7/2018,"8,2",1/4/2019,M6,P30,"12,5",10,15,"12,5",10,15,0,0,0,0,0,1,0,1,0,5,5,1,0,0,5,0,0,1,0,1,0,0,0,5,0,0,0,0,0,0,0,0,0,0,0,0,5,1,0,0,,,,,,
P41,25/7/2018,"8,2",1/4/2019,M2,P31,25,15,35,"12,5",10,15,"12,5",5,20,0,0,0,5,1,0,1,5,0,0,0,5,0,0,1,0,1,0,0,0,5,1,0,0,0,0,0,0,0,0,0,0,0,0,5,0,0,,,,,,
P41,25/7/2018,"8,2",1/4/2019,M4,P32,10,10,10,10,10,10,"0,5",1,0,0,0,1,5,1,0,1,1,0,0,0,5,0,0,1,0,1,0,0,0,5,1,0,0,0,0,0,0,0,0,0,0,0,0,5,0,0,,,,,,
P41,25/7/2018,"10,5",11/6/2019,TE,P1,15,10,20,15,10,20,,,,0,0,1,1,10,0,1,5,1,1,1,5,0,0,0,0,1,1,1,0,0,0,0,0,5,0,0,0,0,0,5,0,0,0,0,0,0,,,,,,
P41,25/7/2018,"10,5",11/6/2019,M4,P2,"7,5",5,10,"7,5",5,10,0,0,0,0,1,1,1,5,1,1,5,1,1,0,1,0,0,0,0,1,1,0,0,0,0,0,0,1,0,0,0,0,0,5,0,0,0,0,0,0,,,,,,
P41,25/7/2018,"10,5",11/6/2019,M6,P3,"17,5",15,20,15,15,15,"2,5",0,5,1,1,0,5,5,1,0,1,1,1,0,10,0,0,0,0,0,0,0,0,1,0,0,0,1,0,0,0,0,0,5,0,0,0,5,0,0,,,,,,
P41,25/7/2018,"10,5",11/6/2019,M1,P4,5,5,5,5,5,5,0,0,0,0,0,1,1,5,0,0,1,1,1,0,1,0,0,1,0,0,0,0,0,1,0,0,0,1,0,0,0,0,0,5,0,0,0,1,0,0,,,,,,
P41,25/7/2018,"10,5",11/6/2019,Tréf,P5,"12,5",10,15,"12,5",10,15,,,,0,0,1,1,5,0,0,1,0,1,0,5,0,0,0,0,0,0,0,1,5,0,0,0,1,0,0,0,0,0,5,0,0,0,5,0,0,,,,,,
P41,25/7/2018,"10,5",11/6/2019,M2,P6,15,20,10,"7,5",10,5,"7,5",10,5,0,0,0,1,5,0,0,1,0,1,0,5,0,0,0,0,1,0,0,0,1,0,0,0,1,0,0,0,0,0,5,0,0,0,1,0,0,,,,,,
P41,25/7/2018,"10,5",11/6/2019,M3,P7,10,10,10,10,10,10,"0,5",0,1,0,0,0,1,5,1,0,1,0,1,0,5,0,0,0,0,0,0,0,5,1,0,0,0,1,0,0,0,0,0,1,0,0,0,5,0,0,,,,,,
P41,25/7/2018,"10,5",11/6/2019,M5,P8,25,20,30,15,20,10,10,0,20,0,1,0,1,5,1,1,5,0,1,0,10,0,0,1,0,0,0,0,1,1,0,0,0,1,0,0,0,0,0,5,0,0,0,5,0,1,,,,,,
P41,25/7/2018,"10,5",11/6/2019,M6,P9,15,10,20,10,10,10,5,0,10,0,0,1,1,5,0,0,1,0,1,0,5,0,0,0,0,1,0,0,1,5,0,0,0,1,0,0,0,0,0,5,0,0,0,1,0,0,,,,,,
P41,25/7/2018,"10,5",11/6/2019,M3,P10,5,5,5,5,5,5,0,0,0,0,0,1,1,5,0,0,1,0,1,0,1,0,0,0,0,0,0,0,0,1,0,0,0,1,0,0,0,0,0,5,0,0,0,1,0,0,,,,,,
P41,25/7/2018,"10,5",11/6/2019,M2,P11,25,30,20,"12,5",10,15,"12,5",20,5,0,0,1,1,5,0,0,1,0,5,0,5,0,0,0,0,0,1,0,1,1,0,0,0,1,0,0,0,0,0,5,0,0,0,5,0,0,,,,,,
P41,25/7/2018,"10,5",11/6/2019,TE,P12,5,5,5,5,5,5,,,,0,1,0,1,5,0,0,1,0,1,0,1,0,0,0,0,0,0,0,0,5,0,0,0,1,0,0,0,0,0,1,0,0,0,1,0,0,,,,,,
P41,25/7/2018,"10,5",11/6/2019,M4,P13,5,5,5,5,5,5,0,0,0,0,0,0,1,1,0,0,1,0,1,0,5,0,0,0,0,0,0,0,0,1,0,0,0,1,0,0,0,0,0,5,0,0,0,1,0,0,,,,,,
P41,25/7/2018,"10,5",11/6/2019,M1,P14,5,5,5,5,5,5,0,0,0,0,0,1,1,1,0,0,1,0,1,0,5,0,0,0,0,0,0,0,0,1,0,0,0,1,0,0,0,0,0,5,0,0,0,1,0,0,,,,,,
P41,25/7/2018,"10,5",11/6/2019,M5,P15,"17,5",15,20,"12,5",15,10,5,0,10,0,1,1,1,5,0,0,5,1,1,0,10,0,0,0,0,0,0,0,0,1,0,0,0,1,0,0,0,0,0,5,0,0,0,0,0,0,,,,,,
P41,25/7/2018,"10,5",11/6/2019,Tréf,P16,"7,5",10,5,"7,5",10,5,,,,0,0,1,1,5,0,0,1,0,1,1,5,0,0,0,0,0,0,0,1,5,0,0,0,0,0,0,0,0,0,1,0,0,0,1,0,0,,,,,,
P41,25/7/2018,"10,5",11/6/2019,M2,P17,20,20,20,"12,5",15,10,"7,5",5,10,0,0,1,1,5,0,0,1,5,1,0,5,0,0,0,0,0,0,0,1,5,0,0,0,0,0,0,0,0,0,5,0,0,0,1,0,0,,,,,,
P41,25/7/2018,"10,5",11/6/2019,M6,P18,15,20,10,15,20,10,0,0,0,0,0,1,5,1,1,0,1,0,5,0,15,0,0,0,0,0,0,0,1,5,0,0,0,0,0,0,0,0,0,5,0,0,0,1,0,0,,,,,,
P41,25/7/2018,"10,5",11/6/2019,Tréf,P19,15,15,15,15,15,15,,,,0,1,1,1,5,0,0,1,1,10,1,10,0,0,0,0,0,0,0,1,1,0,0,0,0,0,0,0,0,0,1,0,0,0,1,0,0,,,,,,
P41,25/7/2018,"10,5",11/6/2019,M5,P20,"12,5",5,20,5,5,5,"7,5",0,15,0,0,1,1,5,0,0,1,0,1,1,1,0,0,0,0,0,0,0,0,1,0,0,0,0,0,0,0,0,0,5,0,0,0,1,0,0,,,,,,
P41,25/7/2018,"10,5",11/6/2019,TE,P21,"7,5",10,5,"7,5",10,5,,,,0,0,0,1,5,0,0,1,0,1,0,5,0,0,0,0,0,1,0,1,5,0,0,0,0,0,0,0,0,0,1,0,0,0,1,0,0,,,,,,
P41,25/7/2018,"10,5",11/6/2019,M4,P22,"7,5",5,10,"7,5",5,10,0,0,0,0,0,0,1,5,0,0,1,0,1,0,1,0,0,0,0,0,0,0,1,5,0,0,0,0,0,0,0,0,0,5,0,0,0,1,0,0,,,,,,
P41,25/7/2018,"10,5",11/6/2019,M3,P23,5,5,5,5,5,5,0,0,0,0,0,0,1,1,0,0,1,0,1,1,5,0,0,0,0,0,0,0,1,1,0,0,0,0,0,0,0,0,0,1,0,0,0,1,0,0,,,,,,
P41,25/7/2018,"10,5",11/6/2019,M1,P24,15,10,20,"12,5",10,15,"2,5",0,5,0,0,0,1,5,0,0,1,0,1,0,5,0,0,0,0,0,0,0,1,5,0,0,0,0,0,0,0,0,0,5,0,0,0,5,0,0,,,,,,
P41,25/7/2018,"10,5",11/6/2019,M1,P25,"12,5",10,15,"12,5",10,15,0,0,0,0,1,1,1,5,0,0,1,0,1,1,5,0,0,0,0,0,1,0,1,5,0,0,0,0,0,0,0,0,0,5,0,0,0,5,0,0,,,,,,
P41,25/7/2018,"10,5",11/6/2019,TE,P26,5,5,5,5,5,5,,,,0,0,0,1,5,0,0,1,0,1,0,1,0,0,0,0,0,0,0,1,5,0,0,0,0,0,0,0,0,0,1,0,0,0,1,0,0,,,,,,
P41,25/7/2018,"10,5",11/6/2019,M5,P27,30,20,40,20,20,20,10,0,20,0,1,1,1,5,0,0,5,1,1,0,10,1,0,0,0,1,1,0,0,5,0,0,0,0,0,0,0,0,0,10,0,0,0,5,0,0,,,,,,
P41,25/7/2018,"10,5",11/6/2019,M3,P28,5,5,5,5,5,5,0,0,0,0,0,0,1,5,0,0,1,0,1,0,1,0,0,0,0,0,1,0,0,1,0,0,0,0,0,0,0,0,0,5,0,0,0,1,0,0,,,,,,
P41,25/7/2018,"10,5",11/6/2019,Tréf,P29,10,10,10,10,10,10,,,,0,0,0,1,5,0,0,1,0,1,0,5,0,0,0,0,0,1,0,0,5,0,0,0,0,0,0,0,0,0,5,0,0,0,1,0,0,,,,,,
P41,25/7/2018,"10,5",11/6/2019,M6,P30,"7,5",5,10,"7,5",5,10,0,0,0,0,0,1,1,1,0,0,1,0,1,0,5,0,0,0,0,1,1,0,0,5,0,0,0,0,0,0,0,0,0,5,0,0,0,1,0,0,,,,,,
P41,25/7/2018,"10,5",11/6/2019,M2,P31,10,10,10,10,10,10,1,1,1,0,0,1,1,1,0,0,1,1,1,0,10,1,0,0,0,1,0,0,0,1,0,0,0,0,0,0,0,0,0,5,0,0,0,5,0,0,,,,,,
P41,25/7/2018,"10,5",11/6/2019,M4,P32,5,5,5,5,5,5,0,0,0,0,0,0,1,5,0,0,1,0,1,0,1,0,0,0,0,0,0,0,0,1,0,0,0,0,0,0,0,0,0,5,0,0,0,1,0,0,,,,,,
P41,25/7/2018,"11,4",9/7/2019,TE,P1,20,20,20,20,20,20,0,0,0,0,0,1,1,10,0,1,5,1,5,1,10,0,0,0,0,1,1,1,0,0,0,0,0,5,0,0,0,0,0,5,0,0,0,0,0,0,,,,,,
P41,25/7/2018,"11,4",9/7/2019,M4,P2,10,10,10,10,10,10,0,0,0,0,1,1,1,5,1,1,5,1,1,0,5,0,0,0,0,1,1,0,0,0,0,0,0,1,0,0,0,0,0,5,0,0,0,0,0,0,,,,,,
P41,25/7/2018,"11,4",9/7/2019,M6,P3,20,20,20,"17,5",20,15,"2,5",0,5,1,1,0,5,5,1,0,1,1,1,0,10,0,0,0,0,0,0,0,0,1,0,0,0,1,0,0,0,0,0,5,0,0,0,5,0,0,,,,,,
P41,25/7/2018,"11,4",9/7/2019,M1,P4,"7,5",5,10,"7,5",5,10,0,0,0,0,0,1,1,5,0,0,1,1,1,0,1,0,0,1,0,0,0,0,0,1,0,0,0,1,0,0,0,0,0,5,0,0,0,1,0,0,,,,,,
P41,25/7/2018,"11,4",9/7/2019,Tréf,P5,15,15,15,15,15,15,,,,0,0,1,1,5,0,0,1,0,1,0,5,0,0,0,0,0,0,0,1,5,0,0,0,1,0,0,0,0,0,5,0,0,0,5,0,0,,,,,,
P41,25/7/2018,"11,4",9/7/2019,M2,P6,15,20,10,10,15,5,5,5,5,0,0,0,1,5,0,0,1,0,1,0,5,0,0,0,0,1,0,0,0,1,0,0,0,1,0,0,0,0,0,5,0,0,0,1,0,0,,,,,,
P41,25/7/2018,"11,4",9/7/2019,M3,P7,"12,5",15,10,"12,5",15,10,"0,5",0,1,0,0,0,1,5,1,0,1,0,1,0,5,0,0,0,0,0,0,0,5,1,0,0,0,1,0,0,0,0,0,1,0,0,0,5,0,0,,,,,,
P41,25/7/2018,"11,4",9/7/2019,M5,P8,"27,5",20,35,"17,5",20,15,5,0,10,0,1,0,1,5,1,1,5,0,1,0,10,0,0,1,0,0,0,0,1,1,0,0,0,1,0,0,0,0,0,5,0,0,0,5,0,1,,,,,,
P41,25/7/2018,"11,4",9/7/2019,M6,P9,"17,5",10,25,"12,5",10,15,5,0,10,0,1,1,1,5,0,0,1,0,1,0,5,0,0,0,0,1,0,0,1,5,0,0,0,1,0,0,0,0,0,5,0,0,0,1,0,0,,,,,,
P41,25/7/2018,"11,4",9/7/2019,M3,P10,"7,5",10,5,"7,5",10,5,0,0,0,0,0,1,1,5,0,0,1,0,1,0,1,0,0,0,0,0,0,0,0,1,0,0,0,1,0,0,0,0,0,5,0,0,0,1,0,0,,,,,,
P41,25/7/2018,"11,4",9/7/2019,M2,P11,"27,5",30,25,15,10,20,"12,5",20,5,0,0,1,1,5,0,0,1,0,5,0,5,0,0,0,0,0,1,0,1,1,0,0,0,1,0,0,0,0,0,5,0,0,0,5,0,0,,,,,,
P41,25/7/2018,"11,4",9/7/2019,TE,P12,"7,5",10,5,"7,5",10,5,,,,0,1,0,1,5,0,0,1,0,1,0,1,0,0,0,0,0,0,0,0,5,0,0,0,1,0,0,0,0,0,1,0,0,0,1,0,0,,,,,,
P41,25/7/2018,"11,4",9/7/2019,M4,P13,10,10,10,10,10,10,0,0,0,0,0,0,1,1,0,0,1,0,1,0,5,0,0,0,0,0,0,0,0,1,0,0,0,1,0,0,0,0,0,5,0,0,0,1,0,0,,,,,,
P41,25/7/2018,"11,4",9/7/2019,M1,P14,10,10,10,10,10,10,0,0,0,0,0,1,1,1,0,0,1,0,1,0,5,0,0,0,0,0,0,0,0,1,0,0,0,1,0,0,0,0,0,5,0,0,0,1,0,0,,,,,,
P41,25/7/2018,"11,4",9/7/2019,M5,P15,20,20,20,15,20,10,5,0,10,0,1,1,1,5,0,0,5,1,1,0,10,0,0,0,0,0,0,0,0,1,0,0,0,1,0,0,0,0,0,5,0,0,0,0,0,0,,,,,,
P41,25/7/2018,"11,4",9/7/2019,Tréf,P16,"7,5",10,5,"7,5",10,5,,,,0,0,1,1,5,0,0,1,0,1,1,5,0,0,0,0,0,0,0,1,5,0,0,0,0,0,0,0,0,0,1,0,0,0,1,0,0,,,,,,
P41,25/7/2018,"11,4",9/7/2019,M2,P17,20,20,20,"12,5",15,10,"7,5",5,10,0,0,1,1,5,0,0,1,5,1,0,5,0,0,0,0,0,0,0,1,5,0,0,0,0,0,0,0,0,0,5,0,0,0,1,0,0,,,,,,
P41,25/7/2018,"11,4",9/7/2019,M6,P18,15,20,10,15,20,10,0,0,0,0,0,1,5,1,1,0,1,0,5,0,15,0,0,0,0,0,0,0,1,5,0,0,0,0,0,0,0,0,0,5,0,0,0,1,0,0,,,,,,
P41,25/7/2018,"11,4",9/7/2019,Tréf,P19,15,15,15,15,15,15,,,,0,1,1,1,5,0,0,1,1,10,1,10,0,0,0,0,0,0,0,1,1,0,0,0,0,0,0,0,0,0,1,0,0,0,1,0,0,,,,,,
P41,25/7/2018,"11,4",9/7/2019,M5,P20,"12,5",5,20,5,5,5,"7,5",0,15,0,0,1,1,5,0,0,1,0,1,1,1,0,0,0,0,0,0,0,0,1,0,0,0,0,0,0,0,0,0,5,0,0,0,1,0,0,,,,,,
P41,25/7/2018,"11,4",9/7/2019,TE,P21,"7,5",10,5,"7,5",10,5,,,,0,0,0,1,5,0,0,1,0,1,0,5,0,0,0,0,0,1,0,1,5,0,0,0,0,0,0,0,0,0,1,0,0,0,1,0,0,,,,,,
P41,25/7/2018,"11,4",9/7/2019,M4,P22,"7,5",5,10,"7,5",5,10,0,0,0,0,0,0,1,5,0,0,1,0,1,0,1,0,0,0,0,0,0,0,1,5,0,0,0,0,0,0,0,0,0,5,0,0,0,1,0,0,,,,,,
P41,25/7/2018,"11,4",9/7/2019,M3,P23,5,5,5,5,5,5,0,0,0,0,0,0,1,1,0,0,1,0,1,1,5,0,0,0,0,0,0,0,1,1,0,0,0,0,0,0,0,0,0,1,0,0,0,1,0,0,,,,,,
P41,25/7/2018,"11,4",9/7/2019,M1,P24,15,10,20,"12,5",10,15,"2,5",0,5,0,0,0,1,5,0,0,1,0,1,0,5,0,0,0,0,0,0,0,1,5,0,0,0,0,0,0,0,0,0,5,0,0,0,5,0,0,,,,,,
P41,25/7/2018,"11,4",9/7/2019,M1,P25,"12,5",10,15,"12,5",10,15,0,0,0,0,1,1,1,5,0,0,1,0,1,1,5,0,0,0,0,0,1,0,1,5,0,0,0,0,0,0,0,0,0,5,0,0,0,5,0,0,,,,,,
P41,25/7/2018,"11,4",9/7/2019,TE,P26,5,5,5,5,5,5,,,,0,0,0,1,5,0,0,1,0,1,0,1,0,0,0,0,0,0,0,1,5,0,0,0,0,0,0,0,0,0,1,0,0,0,1,0,0,,,,,,
P41,25/7/2018,"11,4",9/7/2019,M5,P27,30,20,40,20,20,20,10,0,20,0,1,1,1,5,0,0,5,1,1,0,10,1,0,0,0,1,1,0,0,5,0,0,0,0,0,0,0,0,0,10,0,0,0,5,0,0,,,,,,
P41,25/7/2018,"11,4",9/7/2019,M3,P28,5,5,5,5,5,5,0,0,0,0,0,0,1,5,0,0,1,0,1,0,1,0,0,0,0,0,1,0,0,1,0,0,0,0,0,0,0,0,0,5,0,0,0,1,0,0,,,,,,
P41,25/7/2018,"11,4",9/7/2019,Tréf,P29,10,10,10,10,10,10,,,,0,0,0,1,5,0,0,1,0,1,0,5,0,0,0,0,0,1,0,0,5,0,0,0,0,0,0,0,0,0,5,0,0,0,1,0,0,,,,,,
P41,25/7/2018,"11,4",9/7/2019,M6,P30,"7,5",5,10,"7,5",5,10,0,0,0,0,0,1,1,1,0,0,1,0,1,0,5,0,0,0,0,1,1,0,0,5,0,0,0,0,0,0,0,0,0,5,0,0,0,1,0,0,,,,,,
P41,25/7/2018,"11,4",9/7/2019,M2,P31,10,10,10,10,10,10,1,1,1,0,0,1,1,1,0,0,1,1,1,0,10,1,0,0,0,1,0,0,0,1,0,0,0,0,0,0,0,0,0,5,0,0,0,5,0,0,,,,,,
P41,25/7/2018,"11,4",9/7/2019,M4,P32,5,5,5,5,5,5,0,0,0,0,0,0,1,5,0,0,1,0,1,0,1,0,0,0,0,0,0,0,0,1,0,0,0,0,0,0,0,0,0,5,0,0,0,1,0,0,,,,,,
,,,,,,,,,,,,,,,235,91,229,227,226,40,147,295,129,92,74,234,29,4,135,3,121,40,98,84,244,73,28,90,78,45,33,25,1,23,64,12,8,8,153,9,2,,,,,,
,,,,,,,,,,,,,,,"7,459574468","1,263736264","3,008733624","1,651982379","2,725663717","1,325","1,734693878","6,762711864","1,682170543","1,5","1,108108108","3,333333333",1,1,"2,02962963",1,"1,198347107","1,1","1,163265306","1,333333333","6,069672131","5,02739726","2,535714286","6,488888889","2,115384615","4,511111111","1,484848485","3,32",1,1,"4,28125","2,083333333","2,625","1,5","3,993464052","2,444444444",1,,,,,,
,,,,,,,,,,,,,,,9,0,3,1,2,0,4,21,1,1,2,1,0,0,1,0,1,1,2,2,3,5,0,3,3,0,1,0,0,0,0,0,0,0,1,3,0,,,,,,
,,,,,,,,,,,,,,,73%,28%,72%,71%,71%,13%,46%,92%,40%,29%,23%,73%,9%,1%,42%,1%,38%,13%,31%,26%,76%,23%,9%,28%,24%,14%,10%,8%,0%,7%,20%,4%,3%,3%,48%,3%,1%,,,,,,